place,title,time,pay,date
경기 수원시,대교 눈높이 수원북부HL사업국,14:00~22:00,"월급2,000,000",9분전
경기 용인시,대교 눈높이 수지HL사업국,14:00~21:00,"월급2,000,000",16분전
서울 관악구,대교 눈높이 영등포HL사업국,14:00~21:00,"월급2,000,000",17분전
서울 관악구,대교 눈높이 영등포HL사업국,14:00~21:00,"월급2,000,000",17분전
서울 관악구,대교 눈높이 영등포HL사업국,14:00~21:00,"월급2,000,000",17분전
서울 관악구,대교 눈높이 영등포HL사업국,14:00~21:00,"월급2,000,000",17분전
서울 관악구,대교 눈높이 영등포HL사업국,14:00~21:00,"월급2,000,000",19분전
전북 익산시,대교 눈높이 익산HL사업국,13:00~20:00,"월급2,000,000",32분전
울산 북구,대교 눈높이 블루마 러닝센터,시간협의,"월급2,000,000",39분전
울산 북구,대교 눈높이 월드 러닝센터,11:00~20:00,"월급2,000,000",43분전
경기 수원시,대교 눈높이 조원 러닝센터,13:00~20:00,"월급2,000,000",45분전
경기 이천시,대교 눈높이 이천북부HL사업국,14:00~21:00,"월급2,000,000",46분전
경기 수원시,대교 눈높이 수원서부HL사업국,13:00~21:00,"월급2,000,000",47분전
경기 수원시,대교 눈높이 숙지 러닝센터,13:00~21:00,"월급2,000,000",49분전
경기 의왕시,대교 눈높이 호계의왕HL,14:00~21:00,"월급2,000,000",1시간전
경남 진주시,대교 눈높이 평거 러닝센터,11:00~20:00,"월급1,500,000",1시간전
경남 창원시,대교 눈높이 풍호 러닝센터,11:00~21:00,"월급2,000,000",1시간전
경남 창원시,대교 눈높이 메트로 러닝센터,11:00~21:00,"월급2,000,000",1시간전
경남 창원시,대교 눈높이 월영 러닝센터,11:00~20:30,"월급2,000,000",1시간전
경남 창원시,대교 눈높이 내서 러닝센터,11:00~20:30,"월급2,000,000",1시간전
경남 창원시,대교 눈높이 청안 러닝센터,11:00~20:30,"월급2,000,000",1시간전
경남 창원시,대교 눈높이 토월 러닝센터,11:00~20:30,"월급2,000,000",1시간전
경남 창원시,대교 눈높이 사파 러닝센터,11:00~20:30,"월급2,000,000",1시간전
경남 양산시,대교 눈높이 증산 러닝센터,10:00~20:00,"월급1,500,000",1시간전
경남 양산시,대교 눈높이 양산남부 러닝센터,10:00~20:00,"월급2,000,000",1시간전
서울 동작구,대교 눈높이 성대 러닝센터,12:00~08:00,"월급2,500,000",2시간전
경기 김포시,대교 눈높이 김포호수 러닝센터,11:00~20:00,"월급2,000,000",2시간전
서울 노원구,대교 눈높이 공릉 러닝센터,13:00~20:30,"월급2,000,000",2시간전
서울 은평구,대교 눈높이 갈현 러닝센터,13:00~20:30,"월급2,000,000",2시간전
서울 성동구,대교 눈높이 무학 러닝센터,13:00~20:30,"월급2,000,000",2시간전
서울 성북구,대교 눈높이 정릉 러닝센터,13:00~20:30,"월급2,000,000",2시간전
서울 성북구,대교 눈높이 정릉 러닝센터,12:30~06:00,"시급8,600",2시간전
서울 성동구,대교 눈높이 무학 러닝센터,13:00~20:30,"월급2,000,000",2시간전
서울 노원구,대교 눈높이 공릉 러닝센터,13:00~20:30,"월급2,000,000",2시간전
서울 은평구,대교 눈높이 갈현 러닝센터,13:00~20:30,"월급2,000,000",2시간전
서울 성북구,대교 눈높이 정릉 러닝센터,13:00~20:30,"월급2,000,000",2시간전
경남 진주시,대교 눈높이 평거 러닝센터,11:00~20:00,"월급1,500,000",2시간전
경기 안산시,대교 눈높이 안산상록HL사업국,11:00~19:30,"월급2,500,000",2시간전
경기 안산시,대교 눈높이 안산상록HL사업국,11:00~19:30,"월급2,500,000",2시간전
서울 강동구,대교 눈높이 명일HL사업국,14:00~21:00,"월급2,000,000",2시간전
서울 영등포,대교 눈높이 문래 러닝센터,11:00~20:30,"월급2,000,000",3시간전
인천 중구,대교 눈높이 영종국제BL사업국,11:00~20:00,"월급2,300,000",3시간전
인천 중구,대교 눈높이 영종국제BL사업국,11:00~20:00,"월급2,300,000",3시간전
인천 중구,대교 눈높이 영종국제BL사업국,11:00~20:00,"월급2,300,000",3시간전
인천 중구,대교 눈높이 영종국제BL사업국,11:00~20:00,"월급2,300,000",3시간전
경기 수원시,대교 눈높이 원천 러닝센터,13:00~21:00,"월급2,500,000",3시간전
경기 용인시,대교 눈높이 기흥 러닝센터,11:00~20:00,"월급2,000,000",3시간전
경기 용인시,대교 눈높이 동백중동 러닝센터,11:00~20:00,"월급2,000,000",3시간전
경기 성남시,대교 눈높이 위례HL사업국,15:00~21:00,"연봉27,000,000",3시간전
전남 해남군,대교 눈높이 해남HL사업국,13:00~21:00,"월급2,000,000",3시간전
경기 용인시,대교 눈높이 동백 러닝센터,11:00~20:00,"월급2,000,000",3시간전
경기 수원시,대교 눈높이 권선 러닝센터,13:00~21:00,"월급2,500,000",3시간전
경기 수원시,대교 눈높이 청명 러닝센터,13:00~21:00,"월급2,500,000",3시간전
경기 수원시,대교 눈높이 힐스 러닝센터,13:00~21:00,"월급2,500,000",3시간전
경기 수원시,대교 눈높이 망포 러닝센터,13:00~21:00,"월급2,500,000",4시간전
경기 수원시,대교 눈높이 매탄 러닝센터,13:00~21:00,"월급2,500,000",4시간전
서울 양천구,대교 눈높이 목동TOP 러닝센터,11:00~20:00,"연봉22,000,000",4시간전
경기 수원시,대교 눈높이 영통 러닝센터,13:00~21:00,"월급2,500,000",4시간전
경기 수원시,대교 눈높이 명당 러닝센터,13:00~21:00,"월급2,500,000",4시간전
경기 수원시,대교 눈높이 신나무 러닝센터,13:00~21:00,"월급2,500,000",4시간전
경기 수원시,대교 눈높이 원천 러닝센터,13:00~21:00,"월급2,500,000",4시간전
경기 성남시,대교 눈높이 분당남부HL사업국,13:00~21:00,"월급2,000,000",4시간전
충남 천안시,대교 눈높이 신천안HL사업국,13:00~20:00,"월급2,500,000",4시간전
충남 천안시,대교 눈높이 북천안HL사업국,13:00~20:00,"월급2,500,000",4시간전
충남 보령시,대교 눈높이 보령BL사업국,13:00~20:00,"월급2,500,000",4시간전
충남 당진시,대교 눈높이 당진HL사업국,13:00~20:00,"월급2,500,000",4시간전
충남 홍성군,대교 눈높이 내포BL사업국,13:00~20:00,"월급2,500,000",4시간전
충남 천안시,대교 눈높이 남천안HL사업국,13:00~20:00,"월급2,500,000",4시간전
부산 강서구,대교 눈높이 명지국제 러닝센터,13:00~20:00,"월급2,100,000",4시간전
부산 강서구,대교 눈높이 명지 러닝센터,13:00~20:00,"월급2,100,000",4시간전
부산 사하구,대교 눈높이 을숙도 러닝센터,13:00~20:00,"월급2,100,000",4시간전
부산 전체,대교 눈높이 연지 러닝센터,13:00~20:00,"월급2,100,000",4시간전
부산 전체,대교 눈높이 양정 러닝센터,13:00~20:00,"월급2,100,000",4시간전
부산 전체,대교 눈높이 수정 러닝센터,13:00~20:00,"월급2,100,000",4시간전
부산 전체,대교 눈높이 부암 러닝센터,13:00~20:00,"월급2,100,000",4시간전
서울 강남구,대교 눈높이 강남HL사업국,14:00~21:00,"월급2,000,000",4시간전
부산 동구,대교 눈높이 동일 러닝센터,13:00~20:00,"월급2,100,000",4시간전
부산 전체,대교 눈높이 낙동 러닝센터,13:00~20:00,"월급2,100,000",4시간전
대구 달서구,대교 눈높이 대구월성HL사업국,시간협의,"월급2,000,000",4시간전
부산 전체,대교 눈높이 광일 러닝센터,13:00~20:00,"월급2,100,000",4시간전
대구 달서구,대교 눈높이 대구월성HL사업국,시간협의,"월급2,000,000",4시간전
서울 마포구,대교 눈높이 마포HL사업국,13:00~21:00,"월급2,000,000",4시간전
서울 서대문,대교 눈높이 마포HL사업국,13:00~21:00,"월급2,000,000",4시간전
서울 종로구,대교 눈높이 마포HL사업국,13:00~21:00,"월급2,000,000",5시간전
전북 정읍시,대교 눈높이 정읍BL사업국,13:00~21:00,"월급2,300,000",5시간전
경기 안산시,대교 눈높이 한신 러닝센터,13:00~21:00,"월급2,500,000",5시간전
경기 안산시,대교 눈높이 한신 러닝센터,13:00~21:00,"월급2,500,000",5시간전
경기 안산시,대교 눈높이 한신 러닝센터,13:00~21:00,"월급2,500,000",5시간전
경기 안산시,대교 눈높이 한신 러닝센터,13:00~21:00,"월급2,500,000",5시간전
경기 안산시,대교 눈높이 한신 러닝센터,13:00~21:00,"월급2,500,000",5시간전
경기 여주시,대교 눈높이 여주HL사업국,14:00~21:00,"월급2,500,000",5시간전
경기 전체,대교 눈높이 양동HL사업국,14:00~21:00,"월급2,500,000",5시간전
서울 서초구,대교 눈높이 서초HL사업국,14:00~20:00,"월급2,500,000",5시간전
경기 용인시,대교 눈높이 구성죽전HL사업국,13:00~20:00,"월급2,000,000",5시간전
경기 이천시,대교 눈높이 이천북부HL사업국,14:00~21:00,"월급2,000,000",5시간전
서울 중랑구,대교 눈높이 중랑월계HL사업국,11:00~20:00,"월급2,000,000",5시간전
서울 성북구,대교 눈높이 정릉 러닝센터,12:30~06:00,"시급8,600",5시간전
경기 양주시,대교 눈높이 양주고읍 러닝센터,11:00~20:00,"월급2,000,000",5시간전
경기 파주시,대교 눈높이 금촌 러닝센터,11:00~20:00,"월급2,000,000",5시간전
경기 고양시,대교 눈높이 일산HL사업국,13:00~21:00,"월급2,000,000",6시간전
울산 북구,대교 눈높이 무룡 러닝센터,시간협의,"월급2,000,000",6시간전
부산 사하구,대교 눈높이 부산사하HL사업국,14:00~21:00,"월급2,500,000",6시간전
경기 오산시,대교 눈높이 세미 러닝센터,11:00~21:00,"월급2,500,000",6시간전
경기 오산시,대교 눈높이 세교 러닝센터,13:00~21:00,"월급2,500,000",6시간전
경기 오산시,대교 눈높이 세미 러닝센터,11:00~21:00,"월급2,500,000",6시간전
서울 성북구,대교 눈높이 정릉 러닝센터,13:00~20:30,"월급2,000,000",7시간전
경기 용인시,대교 눈높이 동백HL사업국,02:00~21:00,"월급2,000,000",7시간전
충남 아산시,대교 눈높이 아산HL사업국,13:00~20:00,"월급2,500,000",7시간전
서울 강남구,대교 눈높이 삼성HL사업국,12:00~21:00,"월급2,000,000",7시간전
서울 영등포,대교 눈높이 당산 러닝센터,13:00~21:00,"월급2,000,000",7시간전
서울 송파구,대교 눈높이 잠실HL사업국,14:00~21:00,"월급2,000,000",8시간전
경남 진주시,대교 눈높이 진주HL사업국,14:00~21:00,"월급2,000,000",8시간전
경기 용인시,대교 눈높이 기흥HL사업국,14:00~20:00,"월급2,000,000",8시간전
경기 성남시,대교 눈높이 성남HL사업국,10:00~20:00,"월급1,000,000",8시간전
경남 양산시,대교 눈높이 양산남부 러닝센터,10:00~20:00,"월급2,000,000",23시간전
경남 양산시,대교 눈높이 신양산 러닝센터,10:00~20:00,"월급2,000,000",23시간전
경남 양산시,대교 눈높이 물금 러닝센터,10:00~19:00,"월급2,000,000",23시간전
경남 양산시,대교 눈높이 석산 러닝센터,10:00~20:00,"월급2,000,000",23시간전
경기 성남시,대교 눈높이 위례HL사업국,15:00~21:00,"연봉27,000,000",11/22
광주 서구,대교 눈높이 광주상무HL사업국,13:00~21:00,"월급2,500,000",11/22
경남 진주시,대교 눈높이 진주HL사업국,14:00~21:00,"월급2,000,000",11/22
경기 파주시,대교 눈높이 파주HL사업국,13:00~21:00,"월급2,000,000",11/22
경기 파주시,대교 눈높이 파주HL사업국,13:00~21:00,"월급3,000,000",11/22
서울 송파구,대교 눈높이 마천 러닝센터,11:00~20:00,"월급2,000,000",11/22
경기 용인시,대교 눈높이 용인역북 러닝센터,11:00~20:00,"월급2,000,000",11/22
서울 송파구,대교 눈높이 장지 러닝센터,11:00~20:00,"월급2,000,000",11/22
서울 송파구,대교 눈높이 거여 러닝센터,11:00~20:00,"월급2,000,000",11/22
서울 송파구,대교 눈높이 신가락제1 러닝센터,11:00~20:00,"월급2,000,000",11/22
경기 의정부,대교 눈높이 민락 러닝센터,11:00~20:00,"월급2,000,000",11/22
경기 양주시,대교 눈높이 양주덕정 러닝센터,14:00~17:00,"시급8,590",11/22
경기 이천시,대교 눈높이 이천증포 러닝센터,11:00~20:00,"월급2,500,000",11/22
경기 용인시,대교 눈높이 마북교동 러닝센터,11:00~20:00,"월급1,200,000",11/22
경기 용인시,대교 눈높이 구성언남 러닝센터,11:00~20:00,"월급1,700,000",11/22
서울 송파구,대교 눈높이 헬리오시티 러닝센터,11:00~20:00,"월급1,700,000",11/22
서울 송파구,대교 눈높이 송파방이 러닝센터,11:00~20:00,"월급1,700,000",11/22
서울 송파구,대교 눈높이 송파제1 러닝센터,11:00~20:00,"월급1,700,000",11/22
경기 안양시,대교 눈높이 만안석수HL사업국,13:00~21:00,"월급2,000,000",11/22
경기 전체,대교 눈높이 부천남부HL사업국,14:00~18:00,"월급1,200,000",11/22
서울 전체,대교 눈높이 해내리 러닝센터,11:00~21:00,"월급2,500,000",11/22
경기 전체,대교 눈높이 수원동부HL사업국,14:00~21:00,"월급2,000,000",11/22
경남 밀양시,대교 눈높이 밀양BL사업국,15:00~20:00,"월급3,000,000",11/22
경기 수원시,대교 눈높이 수원남부HL사업국,13:00~21:00,"월급2,000,000",11/22
경기 안양시,대교 눈높이 비산평촌HL사업국,13:00~21:00,"월급2,000,000",11/22
경기 전체,대교 눈높이 양동HL사업국,14:00~21:00,"월급2,500,000",11/22
인천 연수구,대교 눈높이 배곧 러닝센터,13:00~21:00,"월급2,500,000",11/22
인천 연수구,대교 눈높이 배곧 러닝센터,13:00~21:00,"월급2,500,000",11/22
인천 연수구,대교 눈높이 배곧 러닝센터,13:00~21:00,"월급2,500,000",11/22
인천 연수구,대교 눈높이 배곧 러닝센터,13:00~21:00,"월급2,500,000",11/22
인천 연수구,대교 눈높이 배곧 러닝센터,13:00~21:00,"월급2,500,000",11/22
서울 강서구,대교 눈높이 강서HL사업국,13:00~21:00,"월급2,500,000",11/21
서울 금천구,대교 눈높이 경인BCG,11:00~20:00,"월급2,300,000",11/21
경기 안산시,대교 눈높이 경인BCG,11:00~20:00,"월급2,300,000",11/21
인천 전체,대교 눈높이 경인BCG,11:00~20:00,"월급2,300,000",11/21
경기 시흥시,대교 눈높이 경인BCG,11:00~20:00,"월급2,300,000",11/21
경기 부천시,대교 눈높이 경인BCG,11:00~20:00,"월급2,300,000",11/21
전남 여수시,대교 눈높이 학동 러닝센터,11:00~20:00,"월급2,500,000",11/21
경기 안양시,대교 눈높이 꿈마을 러닝센터,13:00~21:00,"월급2,000,000",11/21
경기 군포시,대교 눈높이 광정 러닝센터,13:00~21:00,"월급2,000,000",11/21
경남 창원시,대교 눈높이 창원HL,14:00~19:00,"월급2,300,000",11/21
경기 의왕시,대교 눈높이 내손 러닝센터,13:00~21:00,"월급2,000,000",11/21
경기 양주시,대교 눈높이 양주고읍 러닝센터,11:00~20:00,"월급2,000,000",11/21
경기 고양시,대교 눈높이 목암 러닝센터,11:00~20:00,"월급2,000,000",11/21
경기 파주시,대교 눈높이 금촌 러닝센터,11:00~20:00,"월급2,000,000",11/21
서울 마포구,대교 눈높이 망원스카이 러닝센터,15:00~19:00,"시급8,590",11/21
서울 마포구,대교 눈높이 망원스카이 러닝센터,11:00~20:00,"월급2,000,000",11/21
경남 통영시,대교 눈높이 통영BL사업국,14:00~21:00,"연봉30,000,000",11/21
서울 강서구,대교 눈높이 가양등촌 러닝센터,13:00~21:00,"월급2,500,000",11/21
서울 전체,대교 눈높이 해내리 러닝센터,11:00~21:00,"월급2,500,000",11/21
인천 계양구,대교 눈높이 상록수 러닝센터,13:00~21:00,"월급2,500,000",11/21
인천 계양구,대교 눈높이 상록수 러닝센터,13:00~21:00,"월급2,500,000",11/21
인천 계양구,대교 눈높이 상록수 러닝센터,13:00~21:00,"월급2,500,000",11/21
인천 계양구,대교 눈높이 상록수 러닝센터,13:00~21:00,"월급2,500,000",11/21
인천 계양구,대교 눈높이 상록수 러닝센터,13:00~21:00,"월급2,500,000",11/21
경기 양평군,대교 눈높이 덕소양평HL사업국,13:00~19:00,"월급2,000,000",11/21
경기 남양주,대교 눈높이 덕소양평HL사업국,13:00~20:00,"월급2,000,000",11/21
경기 고양시,대교 눈높이 덕양HL사업국,13:00~21:00,"월급2,000,000",11/21
경남 창원시,대교 눈높이 마산중앙HL사업국,13:00~21:00,"월급1,000,000",11/21
경남 창원시,대교 눈높이 마산중앙HL사업국,14:00~21:00,"월급2,500,000",11/21
경남 창원시,대교 눈높이 월영 러닝센터,11:00~20:30,"월급2,000,000",11/21
경남 창원시,대교 눈높이 풍호 러닝센터,11:00~21:00,"월급2,000,000",11/21
부산 전체,대교 눈높이 동래센텀HL사업국,14:00~21:00,"월급2,000,000",11/21
경기 성남시,대교 눈높이 분당북부HL사업국,14:00~21:00,"월급1,500,000",11/20
경기 시흥시,대교 눈높이 시화배곧HL사업국,12:00~20:00,"월급2,000,000",11/20
경기 성남시,대교 눈높이 위례HL사업국,15:00~21:00,"연봉27,000,000",11/20
경기 성남시,대교 눈높이 위례HL사업국,15:00~21:00,"연봉27,000,000",11/20
대구 달서구,대교 눈높이 대구월성HL사업국,13:00~21:00,"월급2,000,000",11/20
인천 강화군,대교 눈높이 본오 러닝센터,13:00~21:00,"월급2,500,000",11/20
인천 강화군,대교 눈높이 본오 러닝센터,13:00~21:00,"월급2,500,000",11/20
인천 강화군,대교 눈높이 본오 러닝센터,13:00~21:00,"월급2,500,000",11/20
인천 강화군,대교 눈높이 본오 러닝센터,13:00~21:00,"월급2,500,000",11/20
인천 강화군,대교 눈높이 본오 러닝센터,13:00~21:00,"월급2,500,000",11/20
부산 북구,대교 눈높이 화명 러닝센터,11:00~20:00,"월급2,500,000",11/17
부산 북구,대교 눈높이 구남 러닝센터,11:00~21:00,"월급2,000,000",11/17
서울 노원구,대교 눈높이 공릉 러닝센터,13:00~20:30,"월급2,000,000",11/17
서울 성동구,대교 눈높이 무학 러닝센터,13:00~20:30,"월급2,000,000",11/17
서울 은평구,대교 눈높이 갈현 러닝센터,13:00~20:30,"월급2,000,000",11/17
서울 강동구,대교 눈높이 천일 러닝센터,11:00~20:00,"월급2,000,000",11/17
경기 용인시,대교 눈높이 수지상현 러닝센터,11:00~20:00,"월급1,500,000",11/17
경기 용인시,대교 눈높이 수지동천 러닝센터,11:00~20:00,"월급2,000,000",11/17
경기 용인시,대교 눈높이 수지정평 러닝센터,11:00~20:00,"월급2,000,000",11/17
경기 성남시,대교 눈높이 분당미금 러닝센터,11:00~20:00,"월급2,000,000",11/17
경기 성남시,대교 눈높이 위례 러닝센터,11:00~20:00,"월급2,000,000",11/17
서울 강동구,대교 눈높이 강동성안 러닝센터,11:00~20:00,"월급2,000,000",11/17
서울 강동구,대교 눈높이 강동 러닝센터,11:00~20:00,"월급2,000,000",11/17
서울 송파구,대교 눈높이 강동풍납 러닝센터,11:00~20:00,"월급2,000,000",11/17
서울 강동구,대교 눈높이 강동길동 러닝센터,11:00~20:00,"월급2,000,000",11/17
서울 강동구,대교 눈높이 강동둔촌 러닝센터,11:00~20:00,"월급2,000,000",11/17
경남 창원시,대교 눈높이 남양 러닝센터,16:00~18:00,"시급8,590",11/17
경기 용인시,대교 눈높이 기흥 러닝센터,11:00~20:00,"월급2,000,000",11/17
경기 용인시,대교 눈높이 동백중동 러닝센터,11:00~20:00,"월급2,000,000",11/17
경기 용인시,대교 눈높이 동백 러닝센터,11:00~20:00,"월급2,000,000",11/17
경기 광주시,대교 눈높이 경안 러닝센터,11:00~20:00,"월급2,000,000",11/17
경남 창원시,대교 눈높이 메트로 러닝센터,11:00~21:00,"월급2,000,000",11/17
경남 김해시,대교 눈높이 김해장유HL사업국,14:00~22:00,"월급2,000,000",11/17
경기 수원시,대교 눈높이 권선 러닝센터,13:00~21:00,"월급2,500,000",11/17
경기 수원시,대교 눈높이 힐스 러닝센터,13:00~21:00,"월급2,500,000",11/17
경기 수원시,대교 눈높이 청명 러닝센터,13:00~21:00,"월급2,500,000",11/17
경기 수원시,대교 눈높이 망포 러닝센터,13:00~21:00,"월급2,500,000",11/17
경남 김해시,대교 눈높이 진영HL사업국,14:00~20:00,"월급2,500,000",11/17
경기 수원시,대교 눈높이 매탄 러닝센터,13:00~21:00,"월급2,500,000",11/17
경기 수원시,대교 눈높이 영통 러닝센터,13:00~21:00,"월급2,500,000",11/17
경기 수원시,대교 눈높이 명당 러닝센터,13:00~21:00,"월급2,500,000",11/17
경기 수원시,대교 눈높이 신나무 러닝센터,13:00~21:00,"월급2,500,000",11/17
경기 수원시,대교 눈높이 원천 러닝센터,13:00~21:00,"월급2,500,000",11/17
경북 포항시,대교 눈높이 연일 러닝센터,10:00~20:00,"월급2,000,000",11/16
경북 포항시,대교 눈높이 효자 러닝센터,10:00~20:00,"월급2,000,000",11/16
경북 포항시,대교 눈높이 원동 러닝센터,10:00~20:00,"월급2,000,000",11/16
경기 고양시,대교 눈높이 덕양HL사업국,13:00~21:00,"월급2,000,000",11/16
경기 고양시,대교 눈높이 덕양HL사업국,13:00~21:00,"월급2,000,000",11/16
경기 양평군,대교 눈높이 덕소양평HL사업국,13:00~19:00,"월급2,000,000",11/16
경기 남양주,대교 눈높이 덕소양평HL사업국,13:00~20:00,"월급2,000,000",11/16
경남 창원시,대교 눈높이 마산중앙HL사업국,14:00~21:00,"월급2,500,000",11/16
경남 김해시,대교 눈높이 진영HL사업국,10:30~19:00,"월급2,500,000",11/16
서울 전체,대교 눈높이 해내리 러닝센터,11:00~21:00,"월급2,500,000",11/16
서울 강서구,대교 눈높이 가양등촌 러닝센터,13:00~21:00,"월급2,500,000",11/16
경남 창원시,대교 눈높이 내서 러닝센터,11:00~20:30,"월급2,000,000",11/16
경남 창원시,대교 눈높이 청안 러닝센터,11:00~20:30,"월급2,000,000",11/16
경남 창원시,대교 눈높이 토월 러닝센터,11:00~20:30,"월급2,000,000",11/16
경남 창원시,대교 눈높이 사파 러닝센터,11:00~20:30,"월급2,000,000",11/16
경남 창원시,대교 눈높이 진해HL사업국,13:00~21:00,"월급2,000,000",11/16
전남 여수시,대교 눈높이 학동 러닝센터,11:00~20:00,"월급2,500,000",11/16
경남 진주시,대교 눈높이 진주HL사업국,14:00~21:00,"월급2,000,000",11/16
서울 전체,대교 눈높이 인헌보습 러닝센터,13:00~20:00,"월급2,500,000",11/16
서울 전체,대교 눈높이 인헌보습 러닝센터,13:00~20:00,"월급2,500,000",11/16
서울 전체,대교 눈높이 인헌보습 러닝센터,12:30~20:30,"월급2,500,000",11/16
인천 서구,대교 눈높이 성주 러닝센터,13:00~21:00,"월급2,500,000",11/16
인천 서구,대교 눈높이 성주 러닝센터,13:00~21:00,"월급2,500,000",11/16
인천 서구,대교 눈높이 성주 러닝센터,13:00~21:00,"월급2,500,000",11/16
인천 서구,대교 눈높이 성주 러닝센터,13:00~21:00,"월급2,500,000",11/16
인천 서구,대교 눈높이 성주 러닝센터,13:00~21:00,"월급2,500,000",11/16
전북 전주시,대교 눈높이 에코자연 러닝센터,11:00~20:00,"월급2,300,000",11/15
전북 전주시,대교 눈높이 에코화정 러닝센터,11:00~20:00,"월급2,300,000",11/15
전북 전주시,대교 눈높이 아중 러닝센터,11:00~20:00,"월급2,300,000",11/15
전북 전주시,대교 눈높이 부영 러닝센터,11:00~20:00,"월급2,300,000",11/15
전북 전주시,대교 눈높이 인후 러닝센터,11:00~20:00,"월급2,300,000",11/15
전북 전주시,대교 눈높이 으뜸 러닝센터,11:00~20:00,"월급2,300,000",11/15
전북 전주시,대교 눈높이 송천 러닝센터,11:00~20:00,"월급2,000,000",11/15
서울 성동구,대교 눈높이 무학 러닝센터,13:00~20:30,"월급2,000,000",11/15
서울 노원구,대교 눈높이 공릉 러닝센터,13:00~20:30,"월급2,000,000",11/15
서울 은평구,대교 눈높이 갈현 러닝센터,13:00~20:30,"월급2,000,000",11/15
경기 의정부,대교 눈높이 민락 러닝센터,11:00~20:00,"월급2,000,000",11/15
부산 강서구,대교 눈높이 명지국제 러닝센터,13:00~20:00,"월급2,100,000",11/14
부산 강서구,대교 눈높이 명지 러닝센터,13:00~20:00,"월급2,100,000",11/14
부산 사하구,대교 눈높이 을숙도 러닝센터,13:00~20:00,"월급2,100,000",11/14
부산 전체,대교 눈높이 연지 러닝센터,13:00~20:00,"월급2,100,000",11/14
부산 전체,대교 눈높이 양정 러닝센터,13:00~20:00,"월급2,100,000",11/14
부산 전체,대교 눈높이 수정 러닝센터,13:00~20:00,"월급2,100,000",11/14
부산 전체,대교 눈높이 부암 러닝센터,13:00~20:00,"월급2,100,000",11/14
부산 동구,대교 눈높이 동일 러닝센터,13:00~20:00,"월급2,100,000",11/14
부산 전체,대교 눈높이 낙동 러닝센터,13:00~20:00,"월급2,100,000",11/14
부산 전체,대교 눈높이 광일 러닝센터,13:00~20:00,"월급2,100,000",11/14
부산 부산진,대교 눈높이 백양 러닝센터,10:00~08:00,"월급2,000,000",11/14
부산 부산진,대교 눈높이 백양 러닝센터,10:00~08:00,"월급1,800,000",11/14
부산 남구,대교 눈높이 용호 러닝센터,11:00~19:00,"월급5,000,000",11/14
부산 동래구,대교 눈높이 아시아드 러닝센터,11:00~19:00,"월급2,500,000",11/14
경기 양주시,대교 눈높이 양주고읍 러닝센터,11:00~20:00,"월급2,000,000",11/13
경기 고양시,대교 눈높이 목암 러닝센터,11:00~20:00,"월급2,000,000",11/13
경기 파주시,대교 눈높이 금촌 러닝센터,11:00~20:00,"월급2,000,000",11/13
서울 마포구,대교 눈높이 망원스카이 러닝센터,11:00~20:00,"월급2,000,000",11/13
서울 마포구,대교 눈높이 망원스카이 러닝센터,15:00~19:00,"시급8,590",11/13
서울 양천구,대교 눈높이 양천HL사업국,13:00~09:00,"월급2,000,000",11/13
서울 양천구,대교 눈높이 양천HL사업국,13:00~09:00,"월급2,000,000",11/13
부산 해운대,대교 눈높이 좌산 러닝센터,11:30~20:30,"월급2,500,000",11/13
부산 해운대,대교 눈높이 해원 러닝센터,11:30~20:30,"월급2,500,000",11/13
부산 해운대,대교 눈높이 해강 러닝센터,11:30~20:30,"월급2,500,000",11/13
부산 해운대,대교 눈높이 상당 러닝센터,11:30~20:30,"월급2,500,000",11/13
부산 해운대,대교 눈높이 해성 러닝센터,11:30~20:30,"월급2,500,000",11/13
전북 전체,대교 눈높이 남원BL사업국,11:00~20:00,"월급1,800,000",11/13
전북 전체,대교 눈높이 남원BL사업국,11:00~20:00,"월급1,800,000",11/13
전북 전체,대교 눈높이 도통 러닝센터,11:00~19:30,"월급2,000,000",11/13
경남 김해시,대교 눈높이 김해장유HL사업국,14:00~22:00,"월급2,000,000",11/13
부산 사하구,대교 눈높이 부산사하HL사업국,14:00~21:00,"월급2,500,000",11/13
경북 경주시,대교 눈높이 경주HL사업국,14:00~20:00,"월급1,000,000",11/13
경기 전체,대교 눈높이 양동HL사업국,14:00~21:00,"월급2,500,000",11/13
경남 창원시,대교 눈높이 마산중앙HL사업국,13:00~21:00,"월급1,000,000",11/10
경남 창원시,대교 눈높이 마산중앙HL사업국,14:00~21:00,"월급2,500,000",11/10
서울 중랑구,대교 눈높이 중랑월계HL사업국,11:00~20:00,"월급2,000,000",11/10
부산 강서구,대교 눈높이 명지국제 러닝센터,13:00~20:00,"월급2,100,000",11/10
부산 강서구,대교 눈높이 명지 러닝센터,13:00~20:00,"월급2,100,000",11/10
부산 사하구,대교 눈높이 을숙도 러닝센터,13:00~20:00,"월급2,100,000",11/10
부산 전체,대교 눈높이 연지 러닝센터,13:00~20:00,"월급2,100,000",11/10
부산 전체,대교 눈높이 양정 러닝센터,13:00~20:00,"월급2,100,000",11/10
부산 전체,대교 눈높이 수정 러닝센터,13:00~20:00,"월급2,100,000",11/10
부산 전체,대교 눈높이 부암 러닝센터,13:00~20:00,"월급2,100,000",11/10
부산 동구,대교 눈높이 동일 러닝센터,13:00~20:00,"월급2,100,000",11/10
부산 전체,대교 눈높이 낙동 러닝센터,13:00~20:00,"월급2,100,000",11/10
부산 전체,대교 눈높이 광일 러닝센터,13:00~20:00,"월급2,100,000",11/10
부산 부산진,대교 눈높이 백양 러닝센터,10:00~08:00,"월급1,800,000",11/10
부산 부산진,대교 눈높이 백양 러닝센터,10:00~08:00,"월급2,000,000",11/10
경기 수원시,대교 눈높이 수원북부HL사업국,14:00~22:00,"월급2,000,000",11/10
경기 고양시,대교 눈높이 와석 러닝센터,12:00~21:00,"월급2,500,000",11/09
경기 파주시,대교 눈높이 와석 러닝센터,12:00~21:00,"월급2,500,000",11/09
전북 전체,대교 눈높이 김제 BL사업국,13:00~20:00,"월급2,500,000",11/09
서울 동작구,대교 눈높이 사당에이스 러닝센터,13:00~19:30,"월급2,000,000",11/09
경북 상주시,대교 눈높이 상주BL사업국,15:00~21:00,"월급2,500,000",11/09
경남 창원시,대교 눈높이 용호 러닝센터,11:00~21:00,"월급2,500,000",11/09
경남 창원시,대교 눈높이 창원두산 러닝센터,11:00~20:00,"월급250,000",11/09
경남 창원시,대교 눈높이 남양 러닝센터,11:00~21:00,"월급2,000,000",11/09
경기 고양시,대교 눈높이 일산가좌 러닝센터,12:00~09:00,"월급2,000,000",11/09
경기 고양시,대교 눈높이 일산가좌 러닝센터,12:00~09:00,"월급2,000,000",11/09
서울 강서구,대교 눈높이 가양등촌 러닝센터,13:00~21:00,"월급2,500,000",11/09
서울 전체,대교 눈높이 해내리 러닝센터,11:00~21:00,"월급2,500,000",11/09
경남 김해시,대교 눈높이 진영HL사업국,14:00~20:00,"월급2,500,000",11/09
경기 남양주,대교 눈높이 다산HL사업국,14:00~22:00,"월급2,000,000",11/09
전북 전체,대교 눈높이 도통 러닝센터,11:00~19:30,"월급2,000,000",11/09
경기 김포시,대교 눈높이 김포호수 러닝센터,11:00~20:00,"월급2,000,000",11/08
경남 통영시,대교 눈높이 통영BL사업국,14:00~21:00,"연봉30,000,000",11/08
경북 구미시,대교 눈높이 구미동부HL사업국,10:00~20:00,"월급2,000,000",11/08
부산 연제구,대교 눈높이 부산연제HL사업국,14:00~21:00,"월급2,500,000",11/08
부산 남구,대교 눈높이 용호 러닝센터,11:00~19:00,"월급5,000,000",11/08
광주 서구,대교 눈높이 광주운암HL사업국,14:00~21:00,"월급2,500,000",11/08
부산 강서구,대교 눈높이 명지국제 러닝센터,13:00~20:00,"월급2,100,000",11/08
부산 강서구,대교 눈높이 명지 러닝센터,13:00~20:00,"월급2,100,000",11/08
부산 사하구,대교 눈높이 을숙도 러닝센터,13:00~20:00,"월급2,100,000",11/08
부산 전체,대교 눈높이 연지 러닝센터,13:00~20:00,"월급2,100,000",11/08
부산 전체,대교 눈높이 양정 러닝센터,13:00~20:00,"월급2,100,000",11/08
부산 전체,대교 눈높이 수정 러닝센터,13:00~20:00,"월급2,100,000",11/08
부산 전체,대교 눈높이 부암 러닝센터,13:00~20:00,"월급2,100,000",11/08
부산 동구,대교 눈높이 동일 러닝센터,13:00~20:00,"월급2,100,000",11/08
부산 전체,대교 눈높이 낙동 러닝센터,13:00~20:00,"월급2,100,000",11/08
부산 전체,대교 눈높이 광일 러닝센터,13:00~20:00,"월급2,100,000",11/08
경기 안양시,대교 눈높이 평촌 러닝센터,시간협의,"월급1,200,000",11/08
경기 안양시,대교 눈높이 한가람 러닝센터,13:00~21:00,"월급2,000,000",11/08
경기 안양시,대교 눈높이 삼호 러닝센터,13:00~21:00,"월급2,000,000",11/08
경기 안양시,대교 눈높이 임곡 러닝센터,13:00~21:00,"월급2,000,000",11/08
경기 안양시,대교 눈높이 샘모루 러닝센터,13:00~21:00,"월급2,000,000",11/08
경기 안양시,대교 눈높이 수촌 러닝센터,13:00~21:00,"월급2,000,000",11/08
경기 안양시,대교 눈높이 관양 러닝센터,13:00~21:00,"월급2,000,000",11/08
경기 안양시,대교 눈높이 연현 러닝센터,13:00~21:00,"월급2,000,000",11/08
경기 안양시,대교 눈높이 박달 러닝센터,13:00~21:00,"월급2,000,000",11/08
경기 안양시,대교 눈높이 신안 러닝센터,13:00~21:00,"월급2,000,000",11/08
전남 여수시,대교 눈높이 여수 BL사업국,11:00~20:00,"월급3,500,000",11/08
경북 경주시,대교 눈높이 경주HL사업국,14:00~20:00,"월급1,000,000",11/07
부산 사상구,대교 눈높이 부산사상HL사업국,15:00~21:00,"월급2,500,000",11/07
경남 창원시,대교 눈높이 마산내서HL사업국,13:00~21:00,"월급2,000,000",11/07
서울 전체,대교 눈높이 해내리 러닝센터,11:00~21:00,"월급2,500,000",11/07
서울 강서구,대교 눈높이 가양등촌 러닝센터,13:00~21:00,"월급2,500,000",11/07
경기 전체,대교 눈높이 군포산본HL사업국,14:00~21:00,"월급2,000,000",11/07
경남 김해시,대교 눈높이 김해장유HL사업국,14:00~22:00,"월급2,000,000",11/07
부산 해운대,대교 눈높이 장산 러닝센터,11:30~20:30,"월급2,500,000",11/07
부산 해운대,대교 눈높이 인지 러닝센터,11:30~20:30,"월급2,500,000",11/07
경북 구미시,대교 눈높이 황상 러닝센터,11:00~20:00,"월급2,000,000",11/07
부산 해운대,대교 눈높이 해성 러닝센터,11:30~20:30,"월급2,500,000",11/07
경남 창원시,대교 눈높이 사파 러닝센터,11:00~20:30,"월급2,000,000",11/07
경남 창원시,대교 눈높이 토월 러닝센터,11:00~20:30,"월급2,000,000",11/07
경남 창원시,대교 눈높이 청안 러닝센터,11:00~20:30,"월급2,000,000",11/07
경남 창원시,대교 눈높이 내서 러닝센터,11:00~20:30,"월급2,000,000",11/07
전북 군산시,대교 눈높이 나운 러닝센터,11:00~20:00,"월급2,000,000",11/07
전북 군산시,대교 눈높이 미룡 러닝센터,11:00~20:00,"월급2,000,000",11/07
전북 군산시,대교 눈높이 수송 러닝센터,11:00~20:00,"월급2,000,000",11/07
전북 전주시,대교 눈높이 솔내 러닝센터,11:00~20:00,"월급2,000,000",11/07
전북 완주군,대교 눈높이 첨단 러닝센터,11:00~08:00,"월급2,000,000",11/07
전북 전주시,대교 눈높이 온빛 러닝센터,10:00~20:00,"월급2,000,000",11/07
전북 전주시,대교 눈높이 혁신 러닝센터,10:00~20:00,"월급2,000,000",11/07
전북 전주시,대교 눈높이 서곡 러닝센터,10:00~20:00,"월급2,000,000",11/07
전북 전주시,대교 눈높이 서신 러닝센터,10:00~20:00,"월급2,000,000",11/07
전북 전주시,대교 눈높이 효자 러닝센터,10:00~08:00,"월급2,000,000",11/07
전북 전주시,대교 눈높이 평화 러닝센터,10:00~08:00,"월급2,500,000",11/07
경기 양주시,대교 눈높이 양주고읍 러닝센터,11:00~20:00,"월급2,000,000",11/07
경기 고양시,대교 눈높이 목암 러닝센터,11:00~20:00,"월급2,000,000",11/07
경기 파주시,대교 눈높이 금촌 러닝센터,11:00~20:00,"월급2,000,000",11/07
서울 동작구,대교 눈높이 신대방 러닝센터,13:00~20:00,"월급2,300,000",11/07
